,date,flight no,booster version,payload mass,orbit,launch site,landing type,outcome,flights,gridfins,reused,legs,landing pad,block,reused count,serial,longitude,latitude,cost per launch,customers,manufacterers
0,2006-03-24T22:30:00.000Z,1,Falcon 1,20.0,LEO,Kwajalein Atoll Omelek Island,,,1,False,False,False,,,0,Merlin1A,167.7431292,9.0477206,6700000,['DARPA'],['SSTL']
1,2007-03-21T01:10:00.000Z,2,Falcon 1,,LEO,Kwajalein Atoll Omelek Island,,,1,False,False,False,,,0,Merlin2A,167.7431292,9.0477206,6700000,['DARPA'],['SpaceX']
2,2008-08-03T03:34:00.000Z,3,Falcon 1,,LEO,Kwajalein Atoll Omelek Island,,,1,False,False,False,,,0,Merlin1C,167.7431292,9.0477206,6700000,['NASA'],['Space Dev']
3,2008-09-28T23:15:00.000Z,4,Falcon 1,165.0,LEO,Kwajalein Atoll Omelek Island,,,1,False,False,False,,,0,Merlin2C,167.7431292,9.0477206,6700000,['SpaceX'],['SpaceX']
4,2009-07-13T03:35:00.000Z,5,Falcon 1,200.0,LEO,Kwajalein Atoll Omelek Island,,,1,False,False,False,,,0,Merlin3C,167.7431292,9.0477206,6700000,['ATSB'],['Satrec']
5,2010-06-04T18:45:00.000Z,6,Falcon 9,,LEO,Cape Canaveral Space Force Station Space Launch Complex 40,,,1,False,False,False,,1.0,0,B0003,-80.577366,28.5618571,50000000,['SpaceX'],['SpaceX']
6,2010-12-08T15:43:00.000Z,7,Falcon 9,,LEO,Cape Canaveral Space Force Station Space Launch Complex 40,,,1,False,False,False,,1.0,0,B0004,-80.577366,28.5618571,50000000,['NASA(COTS)'],['SpaceX']
7,2012-05-22T07:44:00.000Z,8,Falcon 9,525.0,LEO,Cape Canaveral Space Force Station Space Launch Complex 40,,,1,False,False,False,,1.0,0,B0005,-80.577366,28.5618571,50000000,['NASA(COTS)'],['SpaceX']
8,2012-10-08T00:35:00.000Z,9,Falcon 9,400.0,ISS,Cape Canaveral Space Force Station Space Launch Complex 40,,,1,False,False,False,,1.0,0,B0006,-80.577366,28.5618571,50000000,['NASA (CRS)'],['SpaceX']
9,2013-03-01T19:10:00.000Z,10,Falcon 9,677.0,ISS,Cape Canaveral Space Force Station Space Launch Complex 40,,,1,False,False,False,,1.0,0,B0007,-80.577366,28.5618571,50000000,['NASA (CRS)'],['SpaceX']
10,2013-09-29T16:00:00.000Z,11,Falcon 9,500.0,PO,Vandenberg Space Force Base Space Launch Complex 4E,Ocean,False,1,False,False,False,,1.0,0,B1003,-120.610829,34.632093,50000000,['MDA'],['MDA']
11,2013-12-03T22:41:00.000Z,12,Falcon 9,3170.0,GTO,Cape Canaveral Space Force Station Space Launch Complex 40,,,1,False,False,False,,1.0,0,B1004,-80.577366,28.5618571,50000000,['SES'],['Orbital ATK']
12,2014-01-06T18:06:00.000Z,13,Falcon 9,3325.0,GTO,Cape Canaveral Space Force Station Space Launch Complex 40,,,1,False,False,False,,1.0,0,B1005,-80.577366,28.5618571,50000000,['Thaicom'],['Orbital ATK']
13,2014-04-18T19:25:00.000Z,14,Falcon 9,2296.0,ISS,Cape Canaveral Space Force Station Space Launch Complex 40,Ocean,True,1,False,False,True,,1.0,0,B1006,-80.577366,28.5618571,50000000,['NASA (CRS)'],['SpaceX']
14,2014-07-14T15:15:00.000Z,15,Falcon 9,1316.0,LEO,Cape Canaveral Space Force Station Space Launch Complex 40,Ocean,True,1,False,False,True,,1.0,0,B1007,-80.577366,28.5618571,50000000,['Orbcomm'],['Boeing']
15,2014-08-05T08:00:00.000Z,16,Falcon 9,4535.0,GTO,Cape Canaveral Space Force Station Space Launch Complex 40,,,1,False,False,False,,1.0,0,B1008,-80.577366,28.5618571,50000000,['AsiaSat'],['SSL']
16,2014-09-07T05:00:00.000Z,17,Falcon 9,4428.0,GTO,Cape Canaveral Space Force Station Space Launch Complex 40,,,1,False,False,False,,1.0,0,B1011,-80.577366,28.5618571,50000000,['AsiaSat'],['SSL']
17,2014-09-21T05:52:00.000Z,18,Falcon 9,2216.0,ISS,Cape Canaveral Space Force Station Space Launch Complex 40,Ocean,False,1,False,False,False,,1.0,0,B1010,-80.577366,28.5618571,50000000,['NASA (CRS)'],['SpaceX']
18,2015-01-10T09:47:00.000Z,19,Falcon 9,2395.0,ISS,Cape Canaveral Space Force Station Space Launch Complex 40,ASDS,False,1,True,False,True,5e9e3032383ecb761634e7cb,1.0,0,B1012,-80.577366,28.5618571,50000000,['NASA (CRS)'],['SpaceX']
19,2015-02-11T23:03:00.000Z,20,Falcon 9,570.0,ES-L1,Cape Canaveral Space Force Station Space Launch Complex 40,Ocean,True,1,True,False,True,,1.0,0,B1013,-80.577366,28.5618571,50000000,"['NASA', 'NOAA', 'USAF']",['Sierra Nevada']
20,2015-03-02T03:50:00.000Z,21,Falcon 9,1954.0,GTO,Cape Canaveral Space Force Station Space Launch Complex 40,,,1,False,False,False,,1.0,0,B1014,-80.577366,28.5618571,50000000,['ABS'],['Boeing']
21,2015-04-14T20:10:00.000Z,22,Falcon 9,1898.0,ISS,Cape Canaveral Space Force Station Space Launch Complex 40,ASDS,False,1,True,False,True,5e9e3032383ecb761634e7cb,1.0,0,B1015,-80.577366,28.5618571,50000000,['NASA (CRS)'],['SpaceX']
22,2015-04-27T23:03:00.000Z,23,Falcon 9,4707.0,GTO,Cape Canaveral Space Force Station Space Launch Complex 40,,,1,False,False,False,,1.0,0,B1016,-80.577366,28.5618571,50000000,['Turkmenistan National Space Agency'],['Thales Alenia Space']
23,2015-06-28T14:21:00.000Z,24,Falcon 9,2477.0,ISS,Cape Canaveral Space Force Station Space Launch Complex 40,ASDS,,1,True,False,True,5e9e3032383ecb6bb234e7ca,1.0,0,B1018,-80.577366,28.5618571,50000000,['NASA (CRS)'],['SpaceX']
24,2015-12-22T01:29:00.000Z,25,Falcon 9,2034.0,LEO,Cape Canaveral Space Force Station Space Launch Complex 40,RTLS,True,1,True,False,True,5e9e3032383ecb267a34e7c7,1.0,0,B1019,-80.577366,28.5618571,50000000,['Orbcomm'],['Boeing']
25,2016-01-17T15:42:00.000Z,26,Falcon 9,553.0,PO,Vandenberg Space Force Base Space Launch Complex 4E,ASDS,False,1,True,False,True,5e9e3033383ecbb9e534e7cc,1.0,0,B1017,-120.610829,34.632093,50000000,"['NASA', 'NOAA']",['Thales Alenia Space']
26,2016-03-04T23:35:00.000Z,27,Falcon 9,5271.0,GTO,Cape Canaveral Space Force Station Space Launch Complex 40,ASDS,False,1,True,False,True,5e9e3032383ecb6bb234e7ca,1.0,0,B1020,-80.577366,28.5618571,50000000,['SES'],['Boeing']
27,2016-04-08T20:43:00.000Z,28,Falcon 9,3136.0,ISS,Cape Canaveral Space Force Station Space Launch Complex 40,ASDS,True,1,True,False,True,5e9e3032383ecb6bb234e7ca,2.0,1,B1021,-80.577366,28.5618571,50000000,['NASA (CRS)'],['SpaceX']
28,2016-05-06T05:21:00.000Z,29,Falcon 9,4696.0,GTO,Cape Canaveral Space Force Station Space Launch Complex 40,ASDS,True,1,True,False,True,5e9e3032383ecb6bb234e7ca,2.0,0,B1022,-80.577366,28.5618571,50000000,['SKY Perfect JSAT Group'],['SSL']
29,2016-05-27T21:39:00.000Z,30,Falcon 9,3100.0,GTO,Cape Canaveral Space Force Station Space Launch Complex 40,ASDS,True,1,True,False,True,5e9e3032383ecb6bb234e7ca,2.0,1,B1023,-80.577366,28.5618571,50000000,['Thaicom'],['Orbital ATK']
30,2016-06-15T14:29:00.000Z,31,Falcon 9,1800.0,GTO,Cape Canaveral Space Force Station Space Launch Complex 40,ASDS,False,1,True,False,True,5e9e3032383ecb6bb234e7ca,2.0,0,B1024,-80.577366,28.5618571,50000000,['ABS'],['Boeing']
31,2016-07-18T04:45:00.000Z,32,Falcon 9,2257.0,ISS,Cape Canaveral Space Force Station Space Launch Complex 40,RTLS,True,1,True,False,True,5e9e3032383ecb267a34e7c7,2.0,1,B1025,-80.577366,28.5618571,50000000,['NASA (CRS)'],['SpaceX']
32,2016-08-14T05:26:00.000Z,33,Falcon 9,4600.0,GTO,Cape Canaveral Space Force Station Space Launch Complex 40,ASDS,True,1,True,False,True,5e9e3032383ecb6bb234e7ca,2.0,0,B1026,-80.577366,28.5618571,50000000,['SKY Perfect JCSAT Group'],['SSL']
33,2016-09-01T13:07:00.000Z,34,Falcon 9,5500.0,GTO,Cape Canaveral Space Force Station Space Launch Complex 40,ASDS,,1,True,False,True,5e9e3032383ecb6bb234e7ca,3.0,0,B1028,-80.577366,28.5618571,50000000,['Spacecom'],['Israel Aerospace Industries']
34,2017-01-14T17:54:00.000Z,35,Falcon 9,9600.0,PO,Vandenberg Space Force Base Space Launch Complex 4E,ASDS,True,1,True,False,True,5e9e3033383ecbb9e534e7cc,3.0,1,B1029,-120.610829,34.632093,50000000,['Iridium Communications'],['Thales Alenia Space']
35,2017-02-19T14:39:00.000Z,36,Falcon 9,2490.0,ISS,Kennedy Space Center Historic Launch Complex 39A,RTLS,True,1,True,False,True,5e9e3032383ecb267a34e7c7,3.0,1,B1031,-80.6039558,28.6080585,50000000,['NASA (CRS)'],['SpaceX']
36,2017-03-16T06:00:00.000Z,37,Falcon 9,5600.0,GTO,Kennedy Space Center Historic Launch Complex 39A,,,1,False,False,False,,3.0,0,B1030,-80.6039558,28.6080585,50000000,['EchoStar'],['Airbus Defence and Space']
37,2017-03-30T22:27:00.000Z,38,Falcon 9,5300.0,GTO,Kennedy Space Center Historic Launch Complex 39A,ASDS,True,2,True,True,True,5e9e3032383ecb6bb234e7ca,2.0,1,B1021,-80.6039558,28.6080585,50000000,['SES'],['Airbus Defence and Space']
38,2017-05-01T11:15:00.000Z,39,Falcon 9,,LEO,Kennedy Space Center Historic Launch Complex 39A,RTLS,True,1,True,False,True,5e9e3032383ecb267a34e7c7,3.0,1,B1032,-80.6039558,28.6080585,50000000,['NRO'],['Boeing']
39,2017-05-15T23:21:00.000Z,40,Falcon 9,6070.0,GTO,Kennedy Space Center Historic Launch Complex 39A,,,1,False,False,False,,3.0,0,B1034,-80.6039558,28.6080585,50000000,['Inmarsat'],['Boeing']
40,2017-06-03T21:07:00.000Z,41,Falcon 9,2708.0,ISS,Kennedy Space Center Historic Launch Complex 39A,RTLS,True,1,True,False,True,5e9e3032383ecb267a34e7c7,3.0,1,B1035,-80.6039558,28.6080585,50000000,['NASA (CRS)'],['SpaceX']
41,2017-06-23T19:10:00.000Z,42,Falcon 9,3669.0,GTO,Kennedy Space Center Historic Launch Complex 39A,ASDS,True,2,True,True,True,5e9e3032383ecb6bb234e7ca,3.0,1,B1029,-80.6039558,28.6080585,50000000,['Bulgaria Sat'],['SSL']
42,2017-06-25T20:25:00.000Z,43,Falcon 9,9600.0,PO,Vandenberg Space Force Base Space Launch Complex 4E,ASDS,True,1,True,False,True,5e9e3033383ecbb9e534e7cc,3.0,1,B1036,-120.610829,34.632093,50000000,['Iridium Communications'],['Thales Alenia Space']
43,2017-07-05T23:35:00.000Z,44,Falcon 9,6761.0,GTO,Kennedy Space Center Historic Launch Complex 39A,,,1,False,False,False,,3.0,0,B1037,-80.6039558,28.6080585,50000000,['Intelsat'],['Boeing']
44,2017-08-14T16:31:00.000Z,45,Falcon 9,2910.0,ISS,Kennedy Space Center Historic Launch Complex 39A,RTLS,True,1,True,False,True,5e9e3032383ecb267a34e7c7,4.0,1,B1039,-80.6039558,28.6080585,50000000,['NASA (CRS)'],['SpaceX']
45,2017-08-24T18:50:00.000Z,46,Falcon 9,475.0,SSO,Vandenberg Space Force Base Space Launch Complex 4E,ASDS,True,1,True,False,True,5e9e3033383ecbb9e534e7cc,3.0,1,B1038,-120.610829,34.632093,50000000,['NSPO (Taiwan)'],['NSPO']
46,2017-09-07T13:50:00.000Z,47,Falcon 9,4990.0,LEO,Kennedy Space Center Historic Launch Complex 39A,RTLS,True,1,True,False,True,5e9e3032383ecb267a34e7c7,4.0,1,B1040,-80.6039558,28.6080585,50000000,['USAF'],['Boeing Defense']
47,2017-10-09T12:37:00.000Z,48,Falcon 9,9600.0,PO,Vandenberg Space Force Base Space Launch Complex 4E,ASDS,True,1,True,False,True,5e9e3033383ecbb9e534e7cc,4.0,1,B1041,-120.610829,34.632093,50000000,['Iridium Communications'],['Thales Alenia Space']
48,2017-10-11T22:53:00.000Z,49,Falcon 9,5200.0,GTO,Kennedy Space Center Historic Launch Complex 39A,ASDS,True,2,True,True,True,5e9e3032383ecb6bb234e7ca,3.0,1,B1031,-80.6039558,28.6080585,50000000,"['SES', 'Echostar']",['Airbus Defence and Space']
49,2017-10-30T19:34:00.000Z,50,Falcon 9,3700.0,GTO,Kennedy Space Center Historic Launch Complex 39A,ASDS,True,1,True,False,True,5e9e3032383ecb6bb234e7ca,4.0,0,B1042,-80.6039558,28.6080585,50000000,['KT Corporation'],['Thales Alenia Space']
50,2017-12-15T15:36:00.000Z,51,Falcon 9,2205.0,ISS,Cape Canaveral Space Force Station Space Launch Complex 40,RTLS,True,2,True,True,True,5e9e3032383ecb267a34e7c7,3.0,1,B1035,-80.577366,28.5618571,50000000,['NASA (CRS)'],['SpaceX']
51,2017-12-23T01:27:23.000Z,52,Falcon 9,9600.0,PO,Vandenberg Space Force Base Space Launch Complex 4E,Ocean,True,2,True,True,False,,3.0,1,B1036,-120.610829,34.632093,50000000,['Iridium Communications'],['Thales Alenia Space']
52,2018-01-08T01:00:00.000Z,53,Falcon 9,,LEO,Cape Canaveral Space Force Station Space Launch Complex 40,RTLS,True,1,True,False,True,5e9e3032383ecb267a34e7c7,4.0,1,B1043,-80.577366,28.5618571,50000000,['Northrop Grumman'],['Northrop Grumman']
53,2018-01-31T21:25:00.000Z,54,Falcon 9,4230.0,GTO,Cape Canaveral Space Force Station Space Launch Complex 40,Ocean,True,2,True,True,True,,3.0,1,B1032,-80.577366,28.5618571,50000000,['GovSat'],['Orbital ATK']
54,2018-02-06T20:45:00.000Z,55,Falcon Heavy,1350.0,HCO,Kennedy Space Center Historic Launch Complex 39A,ASDS,False,1,True,False,True,5e9e3032383ecb6bb234e7ca,3.0,0,B1033,-80.6039558,28.6080585,90000000,['SpaceX'],['Tesla']
55,2018-02-22T14:17:00.000Z,56,Falcon 9,1350.0,SSO,Vandenberg Space Force Base Space Launch Complex 4E,,,2,True,True,False,,3.0,1,B1038,-120.610829,34.632093,50000000,['HisdeSAT'],['Airbus Defence and Space']
56,2018-03-06T05:33:00.000Z,57,Falcon 9,6092.0,GTO,Cape Canaveral Space Force Station Space Launch Complex 40,,,1,True,False,True,,4.0,0,B1044,-80.577366,28.5618571,50000000,['Hispasat'],['SSL']
57,2018-03-30T14:13:51.000Z,58,Falcon 9,9600.0,PO,Vandenberg Space Force Base Space Launch Complex 4E,,,2,True,True,True,,4.0,1,B1041,-120.610829,34.632093,50000000,['Iridium Communications'],['Thales Alenia Space']
58,2018-04-02T20:30:41.000Z,59,Falcon 9,2760.0,ISS,Cape Canaveral Space Force Station Space Launch Complex 40,,,2,True,True,True,,4.0,1,B1039,-80.577366,28.5618571,50000000,['NASA (CRS)'],['SpaceX']
59,2018-04-18T22:51:00.000Z,60,Falcon 9,350.0,HEO,Cape Canaveral Space Force Station Space Launch Complex 40,ASDS,True,1,True,False,True,5e9e3032383ecb6bb234e7ca,4.0,1,B1045,-80.577366,28.5618571,50000000,['NASA'],['Orbital ATK']
60,2018-05-11T20:14:00.000Z,61,Falcon 9,3750.0,GTO,Kennedy Space Center Historic Launch Complex 39A,ASDS,True,1,True,False,True,5e9e3032383ecb6bb234e7ca,5.0,3,B1046,-80.6039558,28.6080585,50000000,['Bangladesh Gov'],['Thales Alenia Space']
61,2018-05-22T19:47:58.000Z,62,Falcon 9,4300.0,PO,Vandenberg Space Force Base Space Launch Complex 4E,,,2,True,True,False,,4.0,1,B1043,-120.610829,34.632093,50000000,['Iridium Communications'],['Thales Alenia Space']
62,2018-06-04T04:45:00.000Z,63,Falcon 9,5383.85,GTO,Cape Canaveral Space Force Station Space Launch Complex 40,,,2,False,True,False,,4.0,1,B1040,-80.577366,28.5618571,50000000,['SES'],['Airbus Defence and Space']
63,2018-06-29T09:42:00.000Z,64,Falcon 9,2410.0,ISS,Cape Canaveral Space Force Station Space Launch Complex 40,,,2,False,True,False,,4.0,1,B1045,-80.577366,28.5618571,50000000,['NASA (CRS)'],['SpaceX']
64,2018-07-22T05:50:00.000Z,65,Falcon 9,7076.0,GTO,Cape Canaveral Space Force Station Space Launch Complex 40,ASDS,True,1,True,False,True,5e9e3032383ecb6bb234e7ca,5.0,2,B1047,-80.577366,28.5618571,50000000,['Telesat'],['SSL']
65,2018-07-25T11:39:26.000Z,66,Falcon 9,9600.0,PO,Vandenberg Space Force Base Space Launch Complex 4E,ASDS,True,1,True,False,True,5e9e3033383ecbb9e534e7cc,5.0,4,B1048,-120.610829,34.632093,50000000,['Iridium Communications'],['Thales Alenia Space']
66,2018-08-07T05:18:00.000Z,67,Falcon 9,5800.0,GTO,Cape Canaveral Space Force Station Space Launch Complex 40,ASDS,True,2,True,True,True,5e9e3032383ecb6bb234e7ca,5.0,3,B1046,-80.577366,28.5618571,50000000,['Telkom'],['SSL']
67,2018-09-10T04:45:00.000Z,68,Falcon 9,7060.0,GTO,Cape Canaveral Space Force Station Space Launch Complex 40,ASDS,True,1,True,False,True,5e9e3032383ecb6bb234e7ca,5.0,9,B1049,-80.577366,28.5618571,50000000,['Telesat'],['SSL']
68,2018-10-08T02:22:00.000Z,69,Falcon 9,2800.0,SSO,Vandenberg Space Force Base Space Launch Complex 4E,RTLS,True,2,True,True,True,5e9e3032383ecb554034e7c9,5.0,4,B1048,-120.610829,34.632093,50000000,['CONAE'],['INVAP']
69,2018-11-15T20:46:00.000Z,70,Falcon 9,3000.0,GTO,Kennedy Space Center Historic Launch Complex 39A,ASDS,True,2,True,True,True,5e9e3032383ecb6bb234e7ca,5.0,2,B1047,-80.6039558,28.6080585,50000000,['Esâ€™hailSat'],['Mitsubishi Electric']
70,2018-12-03T18:34:00.000Z,71,Falcon 9,4000.0,SSO,Vandenberg Space Force Base Space Launch Complex 4E,ASDS,True,3,True,True,True,5e9e3033383ecbb9e534e7cc,5.0,3,B1046,-120.610829,34.632093,50000000,"['Spaceflight Industries, Inc']","['Spaceflight Industries, Inc']"
71,2018-12-05T18:16:00.000Z,72,Falcon 9,2573.0,ISS,Cape Canaveral Space Force Station Space Launch Complex 40,RTLS,False,1,True,False,True,5e9e3032383ecb267a34e7c7,5.0,0,B1050,-80.577366,28.5618571,50000000,['NASA (CRS)'],['SpaceX']
72,2018-12-23T13:51:00.000Z,73,Falcon 9,4400.0,MEO,Cape Canaveral Space Force Station Space Launch Complex 40,,,1,False,False,False,,5.0,0,B1054,-80.577366,28.5618571,50000000,['USAF'],['Lockheed Martin']
73,2019-01-11T15:31:00.000Z,74,Falcon 9,9600.0,PO,Vandenberg Space Force Base Space Launch Complex 4E,ASDS,True,2,True,True,True,5e9e3033383ecbb9e534e7cc,5.0,9,B1049,-120.610829,34.632093,50000000,['Iridium Communications'],['Thales Alenia Space']
74,2019-02-22T01:45:00.000Z,75,Falcon 9,5000.0,GTO,Cape Canaveral Space Force Station Space Launch Complex 40,ASDS,True,3,True,True,True,5e9e3032383ecb6bb234e7ca,5.0,4,B1048,-80.577366,28.5618571,50000000,['Pasifik Satelit Nusantara'],['SSL']
75,2019-03-02T07:45:00.000Z,76,Falcon 9,12259.0,ISS,Kennedy Space Center Historic Launch Complex 39A,ASDS,True,1,True,False,True,5e9e3032383ecb6bb234e7ca,5.0,12,B1051,-80.6039558,28.6080585,50000000,['NASA (CCtCap)'],['SpaceX']
76,2019-04-11T22:35:00.000Z,77,Falcon Heavy,6000.0,GTO,Kennedy Space Center Historic Launch Complex 39A,ASDS,True,1,True,False,True,5e9e3032383ecb6bb234e7ca,5.0,0,B1055,-80.6039558,28.6080585,90000000,['Arabsat'],['Lockheed Martin']
77,2019-05-04T06:48:00.000Z,78,Falcon 9,2482.0,ISS,Cape Canaveral Space Force Station Space Launch Complex 40,ASDS,True,1,True,False,True,5e9e3032383ecb6bb234e7ca,5.0,3,B1056,-80.577366,28.5618571,50000000,['NASA (CRS)'],['SpaceX']
78,2019-05-24T02:30:00.000Z,79,Falcon 9,13200.0,VLEO,Cape Canaveral Space Force Station Space Launch Complex 40,ASDS,True,3,True,True,True,5e9e3032383ecb6bb234e7ca,5.0,9,B1049,-80.577366,28.5618571,50000000,['SpaceX'],['SpaceX']
79,2019-06-12T14:17:00.000Z,80,Falcon 9,1425.0,SSO,Vandenberg Space Force Base Space Launch Complex 4E,RTLS,True,2,True,True,True,5e9e3032383ecb554034e7c9,5.0,12,B1051,-120.610829,34.632093,50000000,['CSA'],['Maxar Technologies']
80,2019-06-25T03:30:00.000Z,81,Falcon Heavy,600.0,MEO,Kennedy Space Center Historic Launch Complex 39A,ASDS,False,1,True,False,True,5e9e3032383ecb6bb234e7ca,5.0,0,B1057,-80.6039558,28.6080585,90000000,['USAF'],['Sierra Nevada Corporation']
81,2019-07-25T22:01:00.000Z,82,Falcon 9,2227.7,ISS,Cape Canaveral Space Force Station Space Launch Complex 40,RTLS,True,2,True,True,True,5e9e3032383ecb267a34e7c7,5.0,3,B1056,-80.577366,28.5618571,50000000,['NASA (CRS)'],['SpaceX']
82,2019-08-06T22:52:00.000Z,83,Falcon 9,6500.0,GTO,Cape Canaveral Space Force Station Space Launch Complex 40,,,3,False,True,False,,5.0,2,B1047,-80.577366,28.5618571,50000000,['Spacecom'],['Boeing Satellite Systems']
83,2019-11-11T14:56:00.000Z,84,Falcon 9,15600.0,VLEO,Cape Canaveral Space Force Station Space Launch Complex 40,ASDS,True,4,True,True,True,5e9e3032383ecb6bb234e7ca,5.0,4,B1048,-80.577366,28.5618571,50000000,['SpaceX'],['SpaceX']
84,2019-12-05T17:29:23.000Z,85,Falcon 9,5000.0,ISS,Cape Canaveral Space Force Station Space Launch Complex 40,ASDS,True,1,True,False,True,5e9e3032383ecb6bb234e7ca,5.0,5,B1059,-80.577366,28.5618571,50000000,['NASA (CRS)'],['SpaceX']
85,2019-12-17T00:10:00.000Z,86,Falcon 9,6800.0,GTO,Cape Canaveral Space Force Station Space Launch Complex 40,ASDS,True,3,True,True,True,5e9e3032383ecb6bb234e7ca,5.0,3,B1056,-80.577366,28.5618571,50000000,"['SKY Perfect JSAT Corporation', 'Kacific Broadband Satellites Pte Ltd']",['Boeing Satellite Systems']
86,2020-01-07T02:19:00.000Z,87,Falcon 9,15600.0,VLEO,Cape Canaveral Space Force Station Space Launch Complex 40,ASDS,True,4,True,True,True,5e9e3032383ecb6bb234e7ca,5.0,9,B1049,-80.577366,28.5618571,50000000,['SpaceX'],['SpaceX']
87,2020-01-19T14:00:00.000Z,88,Falcon 9,,SO,Kennedy Space Center Historic Launch Complex 39A,,,4,False,True,False,,5.0,3,B1046,-80.6039558,28.6080585,50000000,['NASA (CCtCap)'],['SpaceX']
88,2020-01-29T14:06:00.000Z,89,Falcon 9,15600.0,VLEO,Cape Canaveral Space Force Station Space Launch Complex 40,ASDS,True,3,True,True,True,5e9e3032383ecb6bb234e7ca,5.0,12,B1051,-80.577366,28.5618571,50000000,['SpaceX'],['SpaceX']
89,2020-02-17T15:05:55.000Z,90,Falcon 9,15600.0,VLEO,Cape Canaveral Space Force Station Space Launch Complex 40,ASDS,False,4,True,True,True,5e9e3032383ecb6bb234e7ca,5.0,3,B1056,-80.577366,28.5618571,50000000,['SpaceX'],['SpaceX']
90,2020-03-07T04:50:31.000Z,91,Falcon 9,1977.0,ISS,Cape Canaveral Space Force Station Space Launch Complex 40,RTLS,True,2,True,True,True,5e9e3032383ecb267a34e7c7,5.0,5,B1059,-80.577366,28.5618571,50000000,['NASA (CRS)'],['SpaceX']
91,2020-03-18T12:16:00.000Z,92,Falcon 9,15600.0,VLEO,Kennedy Space Center Historic Launch Complex 39A,ASDS,False,5,True,True,True,5e9e3032383ecb6bb234e7ca,5.0,4,B1048,-80.6039558,28.6080585,50000000,['SpaceX'],['SpaceX']
92,2020-04-22T19:30:00.000Z,93,Falcon 9,15600.0,VLEO,Kennedy Space Center Historic Launch Complex 39A,ASDS,True,4,True,True,True,5e9e3032383ecb6bb234e7ca,5.0,12,B1051,-80.6039558,28.6080585,50000000,['SpaceX'],['SpaceX']
93,2020-05-30T19:22:00.000Z,94,Falcon 9,9525.0,ISS,Kennedy Space Center Historic Launch Complex 39A,ASDS,True,1,True,False,True,5e9e3032383ecb6bb234e7ca,5.0,13,B1058,-80.6039558,28.6080585,50000000,['NASA (CCtCap)'],['SpaceX']
94,2020-06-04T01:25:00.000Z,95,Falcon 9,15600.0,VLEO,Cape Canaveral Space Force Station Space Launch Complex 40,ASDS,True,5,True,True,True,5e9e3033383ecbb9e534e7cc,5.0,9,B1049,-80.577366,28.5618571,50000000,['SpaceX'],['SpaceX']
95,2020-06-13T09:21:00.000Z,96,Falcon 9,15600.0,VLEO,Cape Canaveral Space Force Station Space Launch Complex 40,ASDS,True,3,True,True,True,5e9e3032383ecb6bb234e7ca,5.0,5,B1059,-80.577366,28.5618571,50000000,['SpaceX'],['SpaceX']
96,2020-06-30T19:55:00.000Z,97,Falcon 9,3880.0,MEO,Cape Canaveral Space Force Station Space Launch Complex 40,ASDS,True,1,True,False,True,5e9e3033383ecbb9e534e7cc,5.0,12,B1060,-80.577366,28.5618571,50000000,['USAF'],['Lockheed Martin']
97,2020-07-20T21:30:00.000Z,98,Falcon 9,,GEO,Cape Canaveral Space Force Station Space Launch Complex 40,ASDS,True,2,True,True,True,5e9e3033383ecbb9e534e7cc,5.0,13,B1058,-80.577366,28.5618571,50000000,['South Korea'],['South Korea']
98,2020-08-07T05:12:00.000Z,99,Falcon 9,15600.0,VLEO,Kennedy Space Center Historic Launch Complex 39A,ASDS,True,5,True,True,True,5e9e3032383ecb6bb234e7ca,5.0,12,B1051,-80.6039558,28.6080585,50000000,['SpaceX'],['SpaceX']
99,2020-08-18T14:31:00.000Z,100,Falcon 9,15600.0,VLEO,Cape Canaveral Space Force Station Space Launch Complex 40,ASDS,True,6,True,True,True,5e9e3032383ecb6bb234e7ca,5.0,9,B1049,-80.577366,28.5618571,50000000,['SpaceX'],['SpaceX']
100,2020-08-30T23:18:00.000Z,101,Falcon 9,1600.0,SSO,Cape Canaveral Space Force Station Space Launch Complex 40,RTLS,True,4,True,True,True,5e9e3032383ecb267a34e7c7,5.0,5,B1059,-80.577366,28.5618571,50000000,['CONAE'],[]
101,2020-09-03T12:46:00.000Z,102,Falcon 9,15600.0,VLEO,Kennedy Space Center Historic Launch Complex 39A,ASDS,True,2,True,True,True,5e9e3032383ecb6bb234e7ca,5.0,12,B1060,-80.6039558,28.6080585,50000000,['SpaceX'],['SpaceX']
102,2020-10-06T11:29:00.000Z,103,Falcon 9,15600.0,VLEO,Kennedy Space Center Historic Launch Complex 39A,ASDS,True,3,True,True,True,5e9e3032383ecb6bb234e7ca,5.0,13,B1058,-80.6039558,28.6080585,50000000,['SpaceX'],['SpaceX']
103,2020-10-18T12:25:00.000Z,104,Falcon 9,15600.0,VLEO,Kennedy Space Center Historic Launch Complex 39A,ASDS,True,6,True,True,True,5e9e3032383ecb6bb234e7ca,5.0,12,B1051,-80.6039558,28.6080585,50000000,['SpaceX'],['SpaceX']
104,2020-10-24T15:31:00.000Z,105,Falcon 9,15600.0,VLEO,Cape Canaveral Space Force Station Space Launch Complex 40,ASDS,True,3,True,True,True,5e9e3033383ecbb9e534e7cc,5.0,12,B1060,-80.577366,28.5618571,50000000,['SpaceX'],['SpaceX']
105,2020-11-05T23:24:00.000Z,106,Falcon 9,3681.0,MEO,Cape Canaveral Space Force Station Space Launch Complex 40,ASDS,True,1,True,False,True,5e9e3032383ecb6bb234e7ca,5.0,8,B1062,-80.577366,28.5618571,50000000,['United States Space Force'],['Lockheed Martin']
106,2020-11-16T00:27:00.000Z,107,Falcon 9,,ISS,Kennedy Space Center Historic Launch Complex 39A,ASDS,True,1,True,False,True,5e9e3033383ecbb9e534e7cc,5.0,9,B1061,-80.6039558,28.6080585,50000000,['NASA (CCtCap)'],['SpaceX']
107,2020-11-21T17:17:00.000Z,108,Falcon 9,1440.0,PO,Vandenberg Space Force Base Space Launch Complex 4E,RTLS,True,1,True,False,True,5e9e3032383ecb554034e7c9,5.0,6,B1063,-120.610829,34.632093,50000000,['NASA'],[]
108,2020-11-25T02:13:00.000Z,109,Falcon 9,15600.0,VLEO,Cape Canaveral Space Force Station Space Launch Complex 40,ASDS,True,7,True,True,True,5e9e3032383ecb6bb234e7ca,5.0,9,B1049,-80.577366,28.5618571,50000000,['SpaceX'],['SpaceX']
109,2020-12-06T16:17:00.000Z,110,Falcon 9,2972.0,ISS,Kennedy Space Center Historic Launch Complex 39A,ASDS,True,4,True,True,True,5e9e3032383ecb6bb234e7ca,5.0,13,B1058,-80.6039558,28.6080585,50000000,['NASA (CRS)'],['SpaceX']
110,2020-12-13T17:30:00.000Z,111,Falcon 9,7000.0,GTO,Cape Canaveral Space Force Station Space Launch Complex 40,ASDS,True,7,True,True,True,5e9e3033383ecbb9e534e7cc,5.0,12,B1051,-80.577366,28.5618571,50000000,['SiriusXM'],['SSL']
111,2020-12-19T14:00:00.000Z,112,Falcon 9,,,Kennedy Space Center Historic Launch Complex 39A,RTLS,True,5,True,True,True,5e9e3032383ecb267a34e7c7,5.0,5,B1059,-80.6039558,28.6080585,50000000,['National Reconnaissance Office'],[]
112,2021-01-08T02:15:00.000Z,113,Falcon 9,3500.0,GTO,Cape Canaveral Space Force Station Space Launch Complex 40,ASDS,True,4,True,True,True,5e9e3033383ecbb9e534e7cc,5.0,12,B1060,-80.577366,28.5618571,50000000,['Turksat'],['Airbus Defence and Space']
113,2021-01-20T13:02:00.000Z,114,Falcon 9,15600.0,VLEO,Kennedy Space Center Historic Launch Complex 39A,ASDS,True,8,True,True,True,5e9e3033383ecbb9e534e7cc,5.0,12,B1051,-80.6039558,28.6080585,50000000,['SpaceX'],['SpaceX']
114,2021-01-24T15:00:00.000Z,115,Falcon 9,,SSO,Cape Canaveral Space Force Station Space Launch Complex 40,ASDS,True,5,True,True,True,5e9e3032383ecb6bb234e7ca,5.0,13,B1058,-80.577366,28.5618571,50000000,[],[]
115,2021-02-04T06:19:00.000Z,116,Falcon 9,15600.0,VLEO,Cape Canaveral Space Force Station Space Launch Complex 40,ASDS,True,5,True,True,True,5e9e3032383ecb6bb234e7ca,5.0,12,B1060,-80.577366,28.5618571,50000000,['SpaceX'],['SpaceX']
116,2021-02-16T03:59:00.000Z,117,Falcon 9,15600.0,VLEO,Cape Canaveral Space Force Station Space Launch Complex 40,ASDS,False,6,True,True,True,5e9e3032383ecb6bb234e7ca,5.0,5,B1059,-80.577366,28.5618571,50000000,['SpaceX'],['SpaceX']
117,2021-03-04T08:24:00.000Z,118,Falcon 9,15600.0,VLEO,Kennedy Space Center Historic Launch Complex 39A,ASDS,True,8,True,True,True,5e9e3032383ecb6bb234e7ca,5.0,9,B1049,-80.6039558,28.6080585,50000000,['SpaceX'],['SpaceX']
118,2021-03-11T08:13:00.000Z,119,Falcon 9,15600.0,VLEO,Cape Canaveral Space Force Station Space Launch Complex 40,ASDS,True,6,True,True,True,5e9e3033383ecbb9e534e7cc,5.0,13,B1058,-80.577366,28.5618571,50000000,['SpaceX'],['SpaceX']
119,2021-03-14T10:01:00.000Z,120,Falcon 9,15600.0,VLEO,Kennedy Space Center Historic Launch Complex 39A,ASDS,True,9,True,True,True,5e9e3032383ecb6bb234e7ca,5.0,12,B1051,-80.6039558,28.6080585,50000000,['SpaceX'],['SpaceX']
120,2021-03-24T08:28:00.000Z,121,Falcon 9,15600.0,VLEO,Cape Canaveral Space Force Station Space Launch Complex 40,ASDS,True,6,True,True,True,5e9e3032383ecb6bb234e7ca,5.0,12,B1060,-80.577366,28.5618571,50000000,['SpaceX'],['SpaceX']
121,2021-04-07T16:34:00.000Z,122,Falcon 9,15600.0,VLEO,Cape Canaveral Space Force Station Space Launch Complex 40,ASDS,True,7,True,True,True,5e9e3032383ecb6bb234e7ca,5.0,13,B1058,-80.577366,28.5618571,50000000,['SpaceX'],['SpaceX']
122,2021-04-23T09:49:00.000Z,123,Falcon 9,,ISS,Kennedy Space Center Historic Launch Complex 39A,ASDS,True,2,True,True,True,5e9e3032383ecb6bb234e7ca,5.0,9,B1061,-80.6039558,28.6080585,50000000,['NASA (CCtCap)'],['SpaceX']
123,2021-04-29T03:44:00.000Z,124,Falcon 9,15600.0,VLEO,Cape Canaveral Space Force Station Space Launch Complex 40,ASDS,True,7,True,True,True,5e9e3033383ecbb9e534e7cc,5.0,12,B1060,-80.577366,28.5618571,50000000,['SpaceX'],['SpaceX']
124,2021-05-04T19:01:00.000Z,125,Falcon 9,15600.0,VLEO,Kennedy Space Center Historic Launch Complex 39A,ASDS,True,9,True,True,True,5e9e3032383ecb6bb234e7ca,5.0,9,B1049,-80.6039558,28.6080585,50000000,['SpaceX'],['SpaceX']
125,2021-05-09T06:42:00.000Z,126,Falcon 9,15600.0,VLEO,Cape Canaveral Space Force Station Space Launch Complex 40,ASDS,True,10,True,True,True,5e9e3032383ecb6bb234e7ca,5.0,12,B1051,-80.577366,28.5618571,50000000,['SpaceX'],['SpaceX']
126,2021-05-15T22:54:00.000Z,127,Falcon 9,13520.0,VLEO,Kennedy Space Center Historic Launch Complex 39A,ASDS,True,8,True,True,True,5e9e3032383ecb6bb234e7ca,5.0,13,B1058,-80.6039558,28.6080585,50000000,['SpaceX'],['SpaceX']
127,2021-05-26T18:59:00.000Z,128,Falcon 9,15600.0,VLEO,Cape Canaveral Space Force Station Space Launch Complex 40,ASDS,True,2,True,True,True,5e9e3033383ecbb9e534e7cc,5.0,6,B1063,-80.577366,28.5618571,50000000,['SpaceX'],['SpaceX']
128,2021-06-03T17:29:00.000Z,129,Falcon 9,3328.0,ISS,Kennedy Space Center Historic Launch Complex 39A,ASDS,True,1,True,False,True,5e9e3032383ecb6bb234e7ca,5.0,5,B1067,-80.6039558,28.6080585,50000000,['NASA (CRS)'],['SpaceX']
129,2021-06-06T04:26:00.000Z,130,Falcon 9,7000.0,GTO,Cape Canaveral Space Force Station Space Launch Complex 40,ASDS,True,3,True,True,True,5e9e3033383ecbb9e534e7cc,5.0,9,B1061,-80.577366,28.5618571,50000000,['SiriusXM'],['SSL']
130,2021-06-17T16:09:00.000Z,131,Falcon 9,3681.0,MEO,Cape Canaveral Space Force Station Space Launch Complex 40,ASDS,True,2,True,True,True,5e9e3033383ecbb9e534e7cc,5.0,8,B1062,-80.577366,28.5618571,50000000,['USAF'],['Lockheed Martin']
131,2021-06-30T19:31:00.000Z,132,Falcon 9,,SSO,Cape Canaveral Space Force Station Space Launch Complex 40,RTLS,True,8,True,True,True,5e9e3032383ecb267a34e7c7,5.0,12,B1060,-80.577366,28.5618571,50000000,[],[]
132,2021-08-29T07:14:00.000Z,133,Falcon 9,,ISS,Kennedy Space Center Historic Launch Complex 39A,ASDS,True,4,True,True,True,5e9e3033383ecb075134e7cd,5.0,9,B1061,-80.6039558,28.6080585,50000000,['NASA (CRS)'],['SpaceX']
133,2021-09-14T03:55:00.000Z,134,Falcon 9,15600.0,PO,Vandenberg Space Force Base Space Launch Complex 4E,ASDS,True,10,True,True,True,5e9e3032383ecb6bb234e7ca,5.0,9,B1049,-120.610829,34.632093,50000000,['SpaceX'],['SpaceX']
134,2021-09-16T00:02:00.000Z,135,Falcon 9,,LEO,Kennedy Space Center Historic Launch Complex 39A,ASDS,True,3,True,True,True,5e9e3033383ecbb9e534e7cc,5.0,8,B1062,-80.6039558,28.6080585,50000000,['Jared Isaacman'],['SpaceX']
135,2021-11-11T02:03:00.000Z,136,Falcon 9,12519.0,ISS,Kennedy Space Center Historic Launch Complex 39A,ASDS,True,2,True,True,True,5e9e3033383ecb075134e7cd,5.0,5,B1067,-80.6039558,28.6080585,50000000,['NASA (CCtCap)'],['SpaceX']
136,2021-11-13T12:40:00.000Z,137,Falcon 9,13260.0,LEO,Cape Canaveral Space Force Station Space Launch Complex 40,ASDS,True,9,True,True,True,5e9e3033383ecbb9e534e7cc,5.0,13,B1058,-80.577366,28.5618571,50000000,['SpaceX'],['SpaceX']
137,2021-11-24T06:20:00.000Z,138,Falcon 9,670.0,TLI,Vandenberg Space Force Base Space Launch Complex 4E,ASDS,True,2,True,True,True,5e9e3032383ecb6bb234e7ca,5.0,6,B1063,-120.610829,34.632093,50000000,['NASA'],['Applied Physics Laboratory']
138,2021-12-01T23:20:00.000Z,139,Falcon 9,13260.0,PO,Cape Canaveral Space Force Station Space Launch Complex 40,ASDS,True,9,True,True,True,5e9e3033383ecb075134e7cd,5.0,12,B1060,-80.577366,28.5618571,50000000,['SpaceX'],['SpaceX']
139,2021-12-09T06:00:00.000Z,140,Falcon 9,330.0,LEO,Kennedy Space Center Historic Launch Complex 39A,ASDS,True,5,True,True,True,5e9e3033383ecbb9e534e7cc,5.0,9,B1061,-80.6039558,28.6080585,50000000,"['NASA', 'ASI']","['Ball Aerospace & Technologies', 'OHB Italia']"
140,2021-12-18T12:41:40.000Z,141,Falcon 9,13260.0,PO,Vandenberg Space Force Base Space Launch Complex 4E,ASDS,True,11,True,True,True,5e9e3032383ecb6bb234e7ca,5.0,12,B1051,-120.610829,34.632093,50000000,['SpaceX'],['SpaceX']
141,2021-12-19T03:58:00.000Z,142,Falcon 9,3500.0,GTO,Cape Canaveral Space Force Station Space Launch Complex 40,ASDS,True,3,True,True,True,5e9e3033383ecb075134e7cd,5.0,5,B1067,-80.577366,28.5618571,50000000,['Turksat'],['Airbus Defence and Space']
142,2021-12-21T10:06:00.000Z,143,Falcon 9,,ISS,Kennedy Space Center Historic Launch Complex 39A,ASDS,True,1,True,False,True,5e9e3033383ecbb9e534e7cc,5.0,1,B1069,-80.6039558,28.6080585,50000000,['NASA (CRS)'],['SpaceX']
143,2022-01-06T21:49:00.000Z,144,Falcon 9,13260.0,VLEO,Kennedy Space Center Historic Launch Complex 39A,ASDS,True,4,True,True,True,5e9e3033383ecb075134e7cd,5.0,8,B1062,-80.6039558,28.6080585,50000000,['SpaceX'],['SpaceX']
144,2022-01-13T15:25:00.000Z,145,Falcon 9,,LEO,Cape Canaveral Space Force Station Space Launch Complex 40,RTLS,True,10,True,True,True,5e9e3032383ecb267a34e7c7,5.0,13,B1058,-80.577366,28.5618571,50000000,"['National Reconnaissance Office', 'USAF']",[]
145,2022-01-19T00:04:00.000Z,146,Falcon 9,13260.0,VLEO,Kennedy Space Center Historic Launch Complex 39A,ASDS,True,10,True,True,True,5e9e3033383ecb075134e7cd,5.0,12,B1060,-80.6039558,28.6080585,50000000,['SpaceX'],['SpaceX']
146,2022-01-31T23:11:12.000Z,147,Falcon 9,2240.0,SSO,Cape Canaveral Space Force Station Space Launch Complex 40,RTLS,True,3,True,True,True,5e9e3032383ecb267a34e7c7,5.0,6,B1052,-80.577366,28.5618571,50000000,['ESA'],[]
147,2022-02-02T20:18:00.000Z,148,Falcon 9,,LEO,Vandenberg Space Force Base Space Launch Complex 4E,RTLS,True,1,True,False,True,5e9e3032383ecb554034e7c9,5.0,3,B1071,-120.610829,34.632093,50000000,"['National Reconnaissance Office', 'USAF']",[]
148,2022-02-03T18:13:00.000Z,149,Falcon 9,13260.0,VLEO,Kennedy Space Center Historic Launch Complex 39A,ASDS,True,6,True,True,True,5e9e3033383ecb075134e7cd,5.0,9,B1061,-80.6039558,28.6080585,50000000,['SpaceX'],['SpaceX']
149,2022-02-21T14:44:00.000Z,150,Falcon 9,13260.0,VLEO,Cape Canaveral Space Force Station Space Launch Complex 40,ASDS,True,11,True,True,True,5e9e3033383ecb075134e7cd,5.0,13,B1058,-80.577366,28.5618571,50000000,['SpaceX'],['SpaceX']
150,2022-02-25T17:12:00.000Z,151,Falcon 9,13260.0,VLEO,Vandenberg Space Force Base Space Launch Complex 4E,ASDS,True,4,True,True,True,5e9e3032383ecb6bb234e7ca,5.0,6,B1063,-120.610829,34.632093,50000000,['SpaceX'],['SpaceX']
151,2022-03-03T14:35:00.000Z,152,Falcon 9,13260.0,VLEO,Kennedy Space Center Historic Launch Complex 39A,ASDS,True,11,True,True,True,5e9e3033383ecbb9e534e7cc,5.0,12,B1060,-80.6039558,28.6080585,50000000,['SpaceX'],['SpaceX']
152,2022-03-09T13:45:00.000Z,153,Falcon 9,13260.0,VLEO,Cape Canaveral Space Force Station Space Launch Complex 40,ASDS,True,4,True,True,True,5e9e3033383ecb075134e7cd,5.0,6,B1052,-80.577366,28.5618571,50000000,['SpaceX'],['SpaceX']
153,2022-03-19T03:24:00.000Z,154,Falcon 9,13260.0,VLEO,Cape Canaveral Space Force Station Space Launch Complex 40,ASDS,True,12,True,True,True,5e9e3033383ecbb9e534e7cc,5.0,12,B1051,-80.577366,28.5618571,50000000,['SpaceX'],['SpaceX']
154,2022-04-01T16:24:00.000Z,155,Falcon 9,,SSO,Cape Canaveral Space Force Station Space Launch Complex 40,ASDS,True,7,True,True,True,5e9e3033383ecbb9e534e7cc,5.0,9,B1061,-80.577366,28.5618571,50000000,[],[]
155,2022-04-08T15:17:00.000Z,156,Falcon 9,,ISS,Kennedy Space Center Historic Launch Complex 39A,ASDS,True,5,True,True,True,5e9e3033383ecb075134e7cd,5.0,8,B1062,-80.6039558,28.6080585,50000000,['Axiom Space'],['SpaceX']
156,2022-04-17T13:13:00.000Z,157,Falcon 9,,LEO,Vandenberg Space Force Base Space Launch Complex 4E,RTLS,True,2,True,True,True,5e9e3032383ecb554034e7c9,5.0,3,B1071,-120.610829,34.632093,50000000,"['USAF', 'National Reconnaissance Office']",[]
157,2022-04-21T15:16:00.000Z,158,Falcon 9,13260.0,VLEO,Cape Canaveral Space Force Station Space Launch Complex 40,ASDS,True,12,True,True,True,5e9e3033383ecbb9e534e7cc,5.0,12,B1060,-80.577366,28.5618571,50000000,['SpaceX'],['SpaceX']
158,2022-04-27T07:52:00.000Z,159,Falcon 9,,ISS,Kennedy Space Center Historic Launch Complex 39A,ASDS,True,4,True,True,True,5e9e3033383ecb075134e7cd,5.0,5,B1067,-80.6039558,28.6080585,50000000,['NASA (CCtCap)'],['SpaceX']
159,2022-04-29T21:27:00.000Z,160,Falcon 9,13260.0,VLEO,Cape Canaveral Space Force Station Space Launch Complex 40,ASDS,True,6,True,True,True,5e9e3033383ecbb9e534e7cc,5.0,8,B1062,-80.577366,28.5618571,50000000,['SpaceX'],['SpaceX']
160,2022-05-06T09:42:00.000Z,161,Falcon 9,13260.0,VLEO,Kennedy Space Center Historic Launch Complex 39A,ASDS,True,12,True,True,True,5e9e3033383ecb075134e7cd,5.0,13,B1058,-80.6039558,28.6080585,50000000,['SpaceX'],['SpaceX']
161,2022-05-13T22:07:00.000Z,162,Falcon 9,13260.0,VLEO,Vandenberg Space Force Base Space Launch Complex 4E,ASDS,True,5,True,True,True,5e9e3032383ecb6bb234e7ca,5.0,6,B1063,-120.610829,34.632093,50000000,['SpaceX'],['SpaceX']
162,2022-05-14T20:40:00.000Z,163,Falcon 9,13260.0,VLEO,Cape Canaveral Space Force Station Space Launch Complex 40,ASDS,True,1,True,False,True,5e9e3033383ecbb9e534e7cc,5.0,2,B1073,-80.577366,28.5618571,50000000,['SpaceX'],['SpaceX']
163,2022-05-18T10:40:00.000Z,164,Falcon 9,13260.0,VLEO,Kennedy Space Center Historic Launch Complex 39A,ASDS,True,5,True,True,True,5e9e3033383ecb075134e7cd,5.0,6,B1052,-80.6039558,28.6080585,50000000,['SpaceX'],['SpaceX']
164,2022-05-25T18:27:00.000Z,165,Falcon 9,,SSO,Cape Canaveral Space Force Station Space Launch Complex 40,RTLS,True,8,True,True,True,5e9e3032383ecb267a34e7c7,5.0,9,B1061,-80.577366,28.5618571,50000000,[],[]
165,2022-06-08T21:04:00.000Z,166,Falcon 9,3938.0,GEO,Cape Canaveral Space Force Station Space Launch Complex 40,ASDS,True,7,True,True,True,5e9e3033383ecbb9e534e7cc,5.0,8,B1062,-80.577366,28.5618571,50000000,['Nilesat'],['Thales Alenia Space']
166,2022-06-01T17:08:50.000Z,167,Falcon 9,13260.0,VLEO,Kennedy Space Center Historic Launch Complex 39A,ASDS,True,13,True,True,True,5e9e3033383ecb075134e7cd,5.0,12,B1060,-80.6039558,28.6080585,50000000,['SpaceX'],['SpaceX']
167,2022-06-18T14:19:00.000Z,168,Falcon 9,2200.0,SSO,Vandenberg Space Force Base Space Launch Complex 4E,RTLS,True,3,True,True,True,5e9e3032383ecb554034e7c9,5.0,3,B1071,-120.610829,34.632093,50000000,"['OHB-System', 'AG', 'Bundeswehr']",['Airbus Defence and Space']
168,2022-06-19T04:27:00.000Z,169,Falcon 9,700.0,LEO,Cape Canaveral Space Force Station Space Launch Complex 40,ASDS,True,9,True,True,True,5e9e3033383ecbb9e534e7cc,5.0,9,B1061,-80.577366,28.5618571,50000000,['Globalstar'],[]
169,2022-06-29T21:04:00.000Z,170,Falcon 9,3500.0,MEO,Cape Canaveral Space Force Station Space Launch Complex 40,ASDS,True,2,True,True,True,5e9e3033383ecb075134e7cd,5.0,2,B1073,-80.577366,28.5618571,50000000,['SES'],['Thales Alenia Space']
170,2022-07-07T13:11:00.000Z,171,Falcon 9,13260.0,VLEO,Cape Canaveral Space Force Station Space Launch Complex 40,ASDS,True,13,True,True,True,5e9e3033383ecbb9e534e7cc,5.0,13,B1058,-80.577366,28.5618571,50000000,['SpaceX'],['SpaceX']
171,2022-07-11T01:39:00.000Z,172,Falcon 9,13260.0,VLEO,Vandenberg Space Force Base Space Launch Complex 4E,ASDS,True,6,True,True,True,5e9e3032383ecb6bb234e7ca,5.0,6,B1063,-120.610829,34.632093,50000000,['SpaceX'],['SpaceX']
172,2022-07-15T00:44:00.000Z,173,Falcon 9,,ISS,Kennedy Space Center Historic Launch Complex 39A,ASDS,True,5,True,True,True,5e9e3033383ecb075134e7cd,5.0,5,B1067,-80.6039558,28.6080585,50000000,['NASA (CRS)'],['SpaceX']
173,2022-07-17T14:50:00.000Z,174,Falcon 9,13260.0,VLEO,Cape Canaveral Space Force Station Space Launch Complex 40,ASDS,True,13,True,True,True,5e9e3033383ecbb9e534e7cc,5.0,12,B1051,-80.577366,28.5618571,50000000,['SpaceX'],['SpaceX']
174,2022-07-21T17:13:00.000Z,175,Falcon 9,13260.0,VLEO,Vandenberg Space Force Base Space Launch Complex 4E,ASDS,True,4,True,True,True,5e9e3032383ecb6bb234e7ca,5.0,3,B1071,-120.610829,34.632093,50000000,['SpaceX'],['SpaceX']
175,2022-07-24T00:00:00.000Z,176,Falcon 9,13260.0,VLEO,Cape Canaveral Space Force Station Space Launch Complex 40,ASDS,True,8,True,True,True,5e9e3033383ecb075134e7cd,5.0,8,B1062,-80.577366,28.5618571,50000000,['SpaceX'],['SpaceX']
176,2022-08-04T23:08:00.000Z,177,Falcon 9,678.0,TLI,Cape Canaveral Space Force Station Space Launch Complex 40,ASDS,True,6,True,True,True,5e9e3033383ecbb9e534e7cc,5.0,6,B1052,-80.577366,28.5618571,50000000,['KARI'],['KARI']
177,2022-08-09T22:57:00.000Z,178,Falcon 9,13260.0,VLEO,Kennedy Space Center Historic Launch Complex 39A,ASDS,True,3,True,True,True,5e9e3033383ecb075134e7cd,5.0,2,B1073,-80.6039558,28.6080585,50000000,['SpaceX'],['SpaceX']
178,2022-08-12T21:30:00.000Z,179,Falcon 9,13260.0,VLEO,Vandenberg Space Force Base Space Launch Complex 4E,ASDS,True,10,True,True,True,5e9e3032383ecb6bb234e7ca,5.0,9,B1061,-120.610829,34.632093,50000000,['SpaceX'],['SpaceX']
179,2022-08-19T19:24:00.000Z,180,Falcon 9,13260.0,VLEO,Cape Canaveral Space Force Station Space Launch Complex 40,ASDS,True,9,True,True,True,5e9e3033383ecb075134e7cd,5.0,8,B1062,-80.577366,28.5618571,50000000,['SpaceX'],['SpaceX']
180,2022-08-28T02:22:00.000Z,181,Falcon 9,13260.0,VLEO,Kennedy Space Center Historic Launch Complex 39A,ASDS,True,2,True,True,True,5e9e3033383ecb075134e7cd,5.0,1,B1069,-80.6039558,28.6080585,50000000,['SpaceX'],['SpaceX']
181,2022-08-31T05:40:00.000Z,182,Falcon 9,13260.0,VLEO,Vandenberg Space Force Base Space Launch Complex 4E,ASDS,True,7,True,True,True,5e9e3032383ecb6bb234e7ca,5.0,6,B1063,-120.610829,34.632093,50000000,['SpaceX'],['SpaceX']
182,2022-09-05T02:09:00.000Z,183,Falcon 9,13260.0,VLEO,Cape Canaveral Space Force Station Space Launch Complex 40,ASDS,True,7,True,True,True,5e9e3033383ecbb9e534e7cc,5.0,6,B1052,-80.577366,28.5618571,50000000,['SpaceX'],['SpaceX']
183,2022-09-11T01:10:00.000Z,184,Falcon 9,13260.0,VLEO,Kennedy Space Center Historic Launch Complex 39A,ASDS,True,14,True,True,True,5e9e3033383ecb075134e7cd,5.0,13,B1058,-80.6039558,28.6080585,50000000,['SpaceX'],['SpaceX']
184,2022-09-17T01:05:00.000Z,185,Falcon 9,13260.0,VLEO,Cape Canaveral Space Force Station Space Launch Complex 40,ASDS,True,6,True,True,True,5e9e3033383ecbb9e534e7cc,5.0,5,B1067,-80.577366,28.5618571,50000000,['SpaceX'],['SpaceX']
185,2022-09-24T23:30:00.000Z,186,Falcon 9,13260.0,VLEO,Cape Canaveral Space Force Station Space Launch Complex 40,ASDS,True,4,True,True,True,5e9e3033383ecbb9e534e7cc,5.0,0,B1072,-80.577366,28.5618571,50000000,['SpaceX'],['SpaceX']
186,2022-10-05T16:00:00.000Z,187,Falcon 9,,ISS,Kennedy Space Center Historic Launch Complex 39A,ASDS,True,1,True,False,True,5e9e3033383ecbb9e534e7cc,5.0,0,B1077,-80.6039558,28.6080585,50000000,['NASA (CCtCap)'],['SpaceX']
